account_id,pagerank,in_degree,out_degree,kyc_completeness,account_age_days,prior_fraud_flag,is_cashout
ACC-7E1F4AC50C,0.0017338323578621878,5,0,0.74,1008,0,0
ACC-0F76706FB1,0.00019154940324857343,0,1,0.83,361,0,0
ACC-C9EC862861,0.0010561831202198465,4,0,0.87,2470,0,0
ACC-A7A8933842,0.000996596632987617,4,1,0.88,907,0,0
ACC-F8D246D2D0,0.0005559534463556426,1,2,0.8,658,0,0
ACC-9057966242,0.002764778629099512,2,3,0.81,423,0,0
ACC-E73288F9DD,0.00025634869387235236,1,1,0.92,3310,0,0
ACC-742872BC2B,0.0003628534828927386,2,3,0.79,327,0,0
ACC-777B646391,0.001231632290812018,2,2,0.91,2369,0,0
ACC-B774B2D1BC,0.00038407215509732176,2,4,0.96,331,0,0
ACC-5CF210449D,0.0004947077864370904,3,6,0.81,1499,0,0
ACC-32FCC8C65C,0.0010656224677061236,6,3,0.88,2804,0,0
ACC-8762C82C0F,0.0004948770321207854,1,6,0.78,1898,0,0
ACC-FFAB625EFD,0.0017812725004303224,3,3,0.95,2809,0,0
ACC-8F1BE8A8CB,0.00042986823195421335,2,4,0.82,3302,0,0
ACC-9E1489C0CB,0.0012054045426283697,6,3,0.76,3594,0,0
ACC-4E99782B8B,0.0024599295154377047,7,6,0.78,1884,0,0
ACC-1246A18253,0.00027379892592696586,1,2,0.83,3064,0,0
ACC-98BF50FBA3,0.00019154940324857343,0,0,0.85,571,0,0
ACC-CF494D791D,0.0008785563325575094,2,4,0.94,2575,0,0
ACC-832DB8563C,0.00026306242910961177,1,7,0.86,2445,0,0
ACC-E03D1772D7,0.00038661948152211444,1,6,0.9,2957,0,0
ACC-95F0624A85,0.0005015768144942076,3,1,0.79,1398,0,0
ACC-0C3C054753,0.0009031144330408634,3,3,0.99,3592,0,0
ACC-40E0FD9381,0.0016566234189474992,3,4,0.95,3570,0,0
ACC-1BB80E9374,0.0022127398930143418,3,2,0.86,3128,0,0
ACC-071B895276,0.0009468331919443533,5,3,0.85,2458,0,0
ACC-D2D793E5E9,0.0007670261024557184,2,5,0.77,3411,0,0
ACC-BB7ABF97C6,0.0003825640847510423,2,1,0.94,355,0,0
ACC-9348003ED1,0.0010599371850548676,5,5,0.98,2707,0,0
ACC-0E0C1E2E4E,0.000519906473151442,2,4,0.98,1738,0,0
ACC-19A3798E9A,0.000452621890459671,2,3,1.0,1281,0,0
ACC-881DE7EA23,0.001501864913274663,5,1,0.77,1854,0,0
ACC-8F71C06043,0.0012309203377776643,3,3,0.77,947,0,0
ACC-49E8CB1413,0.00042351424172945465,2,3,0.96,281,0,0
ACC-3F63039D0D,0.0011867408999453528,3,1,0.86,1993,0,0
ACC-5DAE621EB3,0.0006923235218968005,3,2,0.94,1941,0,0
ACC-CFE43AA132,0.0003202928997248872,2,6,0.81,2704,0,0
ACC-63C5769D16,0.0006739697104404124,1,3,0.72,2763,0,0
ACC-F69EFF6313,0.002403188206980301,6,3,0.76,1023,0,0
ACC-27D28B0244,0.0023175850744362207,2,1,0.96,1899,0,0
ACC-B6B4387074,0.0016106773931392692,4,5,0.72,2259,0,0
ACC-64133B7277,0.003001913896600079,4,3,0.75,3091,0,0
ACC-162408A040,0.0012572273543296735,2,2,0.81,245,0,0
ACC-0EF6EF4616,0.00021694446989497894,1,2,0.83,1868,0,0
ACC-546990EA97,0.0009624842628077012,4,2,0.75,2947,0,0
ACC-7065A81A34,0.0010740393632544707,5,3,0.72,3018,0,0
ACC-FAAF574CBF,0.0007078305623464143,2,2,0.75,2064,0,0
ACC-A07F3210D3,0.0006048108439251414,3,0,0.9,2442,0,0
ACC-2D88C0440D,0.0005701414710420939,1,2,0.87,2338,0,0
ACC-8EB3CAD19A,0.0002445998733503334,2,3,0.86,2395,0,0
ACC-DB4F4EEE3B,0.00019154940324857343,0,3,0.78,1291,0,0
ACC-AA7A8B94C0,0.00026464789406896525,1,3,0.7,1300,0,0
ACC-2D4BA286B8,0.0005428555415967306,1,0,0.76,305,0,0
ACC-46ACE32C69,0.0010227735367770896,3,4,0.81,286,0,0
ACC-9A82A8F408,0.000815664047963472,5,4,1.0,1244,0,0
ACC-4B2C067387,0.00029319797989182624,2,3,0.79,3351,0,0
ACC-78508EE723,0.004659761765505572,4,2,0.97,1088,0,0
ACC-39DF57796E,0.0005908359629014736,4,2,0.92,2482,0,0
ACC-9FEDF3D99B,0.0003110356622873879,2,3,0.78,2075,0,0
ACC-586C2C4507,0.0006734078755772438,1,1,0.71,1739,0,0
ACC-FBE8498AA0,0.0004587987439296004,4,3,0.92,1077,0,0
ACC-259A629A07,0.0010527629674417476,6,2,0.98,463,0,0
ACC-12DEBE4D7D,0.0008743882122072917,1,1,0.87,3423,0,0
ACC-C741D6977A,0.0007427953849509823,4,2,0.97,1498,0,0
ACC-9A72BC781A,0.00019154940324857343,0,2,0.97,1453,0,0
ACC-4A9DCACDDC,0.00019154940324857343,0,5,0.99,974,0,0
ACC-2491C47775,0.0003387607830763724,2,6,0.93,739,0,0
ACC-25C9887F3A,0.00048379133595296165,2,2,0.78,3325,0,0
ACC-6082943E35,0.0008323132618403935,5,4,0.77,163,0,0
ACC-6EB684699B,0.002455446849878562,3,1,0.77,3365,0,0
ACC-159EC4E2F6,0.00019154940324857343,0,5,0.99,3545,0,0
ACC-499D1565B6,0.00019154940324857343,0,3,0.8,2788,0,0
ACC-D0AE8D3A4E,0.0008544301116218841,3,2,0.99,736,0,0
ACC-E515F4F75D,0.00045385394368198005,3,1,0.83,1420,0,0
ACC-EDB7761749,0.00025757651801399956,2,3,0.71,783,0,0
ACC-B1F5E6D0A8,0.0006715792906539294,1,5,0.81,2210,0,0
ACC-73A7274BCF,0.0002427136510736576,1,0,0.9,2557,0,0
ACC-8B890E7E9D,0.0014410283657496615,4,6,0.8,1271,0,0
ACC-9D9CEED106,0.0009255256644733955,1,2,0.9,1727,0,0
ACC-DCE8AEC782,0.000603861226153804,2,5,0.95,1668,0,0
ACC-21E3AE70D3,0.0011394635847853801,2,4,0.9,2380,0,0
ACC-2999994AFC,0.00019154940324857343,0,0,0.94,2098,0,0
ACC-C3576ECEFE,0.0014572635042905601,2,1,0.9,1167,0,0
ACC-AA6D5EBBA7,0.002133181015591826,6,1,0.9,3081,0,0
ACC-824E2F1D98,0.001448972009337972,8,2,1.0,194,0,0
ACC-1F0F3CBE01,0.00295108171417843,2,1,0.76,1702,0,0
ACC-24E98BF3A4,0.0009137140144267153,5,2,0.97,609,0,0
ACC-3C0BFA4E3C,0.0005879717878166731,1,1,0.75,1746,0,0
ACC-AC6E983ECA,0.000257429861977277,1,6,0.84,1025,0,0
ACC-BA384602AA,0.00019154940324857343,0,1,0.8,2294,0,0
ACC-20C002644B,0.0002811771842479142,2,6,0.83,2951,0,0
ACC-E5FF32B83D,0.0012081246994317364,5,5,0.84,3051,0,0
ACC-52E3C5EE3A,0.00042131536656740915,2,2,0.85,3141,0,0
ACC-4AC34A3CF5,0.0016660345293333413,5,3,0.78,1175,0,0
ACC-0309D08B25,0.00043987819955927437,2,1,0.81,622,0,0
ACC-C5A4F93DE5,0.00027754835272658543,2,3,0.86,1674,0,0
ACC-7803864F0D,0.0006499226599161749,2,5,0.98,1600,0,0
ACC-C9091D07F2,0.00109158491396749,5,4,0.7,1563,0,0
ACC-87A5064991,0.0006209876406565416,2,0,0.86,3428,0,0
ACC-C2AEE47C4B,0.0005961164162912169,2,2,0.77,908,0,0
ACC-3C019EF409,0.001884593029848875,3,7,0.92,2744,0,0
ACC-9FC0AFB708,0.0015616693469207028,4,6,0.71,2553,0,0
ACC-202632C916,0.0014747907767791563,5,4,0.74,348,0,0
ACC-A1F6C1B59A,0.00027236977134655223,1,1,0.84,1345,0,0
ACC-B314ABEA6F,0.0011999338622599807,2,2,0.78,3085,0,0
ACC-25F4E87B68,0.0002649039433401424,2,7,0.77,218,0,0
ACC-1FAEE737D8,0.0007298778460039055,3,0,0.98,3094,0,0
ACC-0A1B1B5164,0.0002880851202273601,1,5,0.84,982,0,0
ACC-218D531755,0.002659633469563023,5,1,0.93,2870,0,0
ACC-C89F6DD400,0.001914533506901921,6,3,0.93,2947,0,0
ACC-64AB233688,0.001327369203384315,6,3,0.87,110,0,0
ACC-C7640E1436,0.0017980801936527575,8,3,0.72,2933,0,0
ACC-3902FA8D9F,0.0004449711925578583,2,1,0.96,2860,0,0
ACC-40C97E39E2,0.0015304194245849248,4,2,0.8,2323,0,0
ACC-790F45837C,0.001210701380739658,3,1,0.7,2657,0,0
ACC-AA2B7C2290,0.0019130825402851334,3,7,0.91,1488,0,0
ACC-4D95CE3389,0.0006493416179726636,3,2,0.88,2669,0,0
ACC-2E794F15F7,0.00033460377351063786,3,2,0.78,1789,0,0
ACC-DC9B5ECFC2,0.0012370164731981318,4,4,0.77,1147,0,0
ACC-1A158E2B39,0.003082336412646618,7,3,0.85,1382,0,0
ACC-41740025DD,0.0018841388565381523,5,7,0.8,3272,0,0
ACC-01D44AE2F0,0.0005160024945112182,2,4,0.85,2281,0,0
ACC-3254A1CA4E,0.0007609371629598124,3,5,0.93,2006,0,0
ACC-3A9523F661,0.002572567555626393,6,1,0.73,1840,0,0
ACC-90CBA5197E,0.000547227949080002,1,3,0.81,2724,0,0
ACC-1CEC7DB577,0.000937403399612757,5,2,0.8,3060,0,0
ACC-F7241A5691,0.0007597544740610002,1,9,0.92,949,0,0
ACC-BFF43FCEEC,0.0005498140432277938,3,4,0.76,3126,0,0
ACC-F1A6C1EA09,0.0002768704806670934,2,5,0.88,3118,0,0
ACC-75F2FA030F,0.0013050301987416525,5,3,0.79,1483,0,0
ACC-EF4C528854,0.0025438150187135017,4,4,0.79,228,0,0
ACC-1C50ED9C49,0.0006266919046194171,2,1,0.87,425,0,0
ACC-ADDBD37CDA,0.00025975753314929224,2,1,0.98,215,0,0
ACC-D6669E7AAC,0.0016226928855987224,3,6,0.87,2019,0,0
ACC-21D44CE318,0.000993899883550943,5,1,0.73,2310,0,0
ACC-BE9AE46CD4,0.00045742824318338485,1,1,0.94,2488,0,0
ACC-933DCCC0E8,0.0005908932690518711,4,4,0.96,1818,0,0
ACC-839BC026ED,0.001001003898828092,2,0,0.98,2502,0,0
ACC-C37F861391,0.0010338933901089353,3,2,0.77,337,0,0
ACC-8F943FF21B,0.0008581709202420977,5,4,0.84,1850,0,0
ACC-D4A942971A,0.00031933958374994923,3,4,0.72,2884,0,0
ACC-A0826D22AE,0.002670865529976215,7,4,0.9,2565,0,0
ACC-BF52E5A85B,0.0009268038873697051,5,1,0.97,925,0,0
ACC-47E287D902,0.0015611081449959853,4,2,0.88,3251,0,0
ACC-FB8C719E6E,0.0037415412699536668,8,3,0.91,514,0,0
ACC-7F97DE3607,0.0017270280807008802,2,7,0.83,2216,0,0
ACC-1BE237EF1F,0.0021415981983696555,6,2,0.78,1325,0,0
ACC-6E9CCAA402,0.00046893712157397235,3,4,0.88,3529,0,0
ACC-D4B88C7671,0.001008663238015745,4,9,0.71,1108,0,0
ACC-898942215E,0.0007394477023866204,3,0,0.75,1816,0,0
ACC-0633630EE6,0.0029652820525942936,5,6,0.8,378,0,0
ACC-637F34A9D9,0.0009409854306332162,6,3,0.82,663,0,0
ACC-D7879A2627,0.0020704481988492035,4,2,0.71,3337,0,0
ACC-E7014E27E0,0.0038237023722197346,6,3,0.96,3169,0,0
ACC-EDF8AEA14D,0.0009927324095174489,4,1,0.82,2227,0,0
ACC-B2E0AC9287,0.000599229421459806,2,5,0.93,2046,0,0
ACC-97177103D0,0.0005847367708803467,3,5,0.96,1184,0,0
ACC-C35B9127FF,0.0022393089888307596,5,1,0.91,2498,0,0
ACC-C2CBD0C8EC,0.0013120584457858204,4,3,1.0,386,0,0
ACC-D0A2372515,0.0006081079331195133,4,4,0.85,2658,0,0
ACC-AD385E3FB0,0.0008791269611272445,3,2,0.99,1706,0,0
ACC-7B2CEDF0C2,0.0007204996998897737,4,3,0.85,785,0,0
ACC-3E8F3ABF9C,0.0013044062164129125,5,1,0.8,3169,0,0
ACC-B893CD7F4B,0.0012626871483904139,4,6,0.95,1163,0,0
ACC-7302298273,0.001723173552484748,3,7,0.86,613,0,0
ACC-3C9806DF8A,0.0002888276632345575,2,0,0.98,1550,0,0
ACC-66D7D5D3CA,0.0006257376030477484,3,3,0.77,2347,0,0
ACC-7514A16381,0.0003382270837561195,1,6,0.82,1942,0,0
ACC-38E209123A,0.0006670293978242366,2,1,0.99,628,0,0
ACC-3EF22AE255,0.0018708557211368484,5,1,0.96,3567,0,0
ACC-699468409A,0.0004772443145631672,2,3,0.82,67,0,0
ACC-721930AB12,0.0006801502446168506,3,2,0.8,3206,0,0
ACC-DF69D91010,0.0011561353459159226,4,3,0.81,1350,0,0
ACC-130E527A8D,0.0006321654733867798,5,3,0.71,2003,0,0
ACC-2E36E5F8A4,0.0013065021685094648,5,3,0.92,1182,0,0
ACC-296A1F7971,0.0005031760790092513,2,5,0.83,2888,0,0
ACC-CCEA09B822,0.00031209446684165123,1,2,0.79,1333,0,0
ACC-1672980D7E,0.001286331590058632,4,3,0.9,1692,0,0
ACC-38AC7EBCEF,0.0024139888471986105,3,4,0.89,3571,0,0
ACC-9F3F8647A9,0.00026403896731159993,2,2,0.89,956,0,0
ACC-7A16E4EF27,0.00036291584577419976,2,1,0.97,3300,0,0
ACC-DD605CC508,0.0026380328574160286,3,5,0.79,1420,0,0
ACC-11553C3108,0.001264202280026605,7,3,1.0,1242,0,0
ACC-FE98868FCE,0.0016108307510040378,5,3,0.87,2347,0,0
ACC-C4F1C92E12,0.0005202714191238864,3,1,0.78,2701,0,0
ACC-40FD962921,0.001362748918719968,3,3,0.92,205,0,0
ACC-9D9CAA235E,0.0007878933236453918,2,2,0.88,3277,0,0
ACC-62C2B0875E,0.00045406102316924383,2,4,0.89,1031,0,0
ACC-2B11DEC838,0.000276474515675334,1,5,0.71,3235,0,0
ACC-7611E6EE5E,0.0009516984827123498,2,3,0.92,1213,0,0
ACC-814BB3CD63,0.00285432549859001,5,1,0.86,3594,0,0
ACC-F92FBF16A2,0.002620262509090876,5,4,0.99,3382,0,0
ACC-7ADF18BB0F,0.001270605491146073,6,6,0.99,476,0,0
ACC-336CDB3E2E,0.002201760939116513,3,1,0.99,2775,0,0
ACC-28D29824EF,0.0015168728123588588,3,1,0.78,1621,0,0
ACC-1FAB4FE7F5,0.00048059360978194496,1,4,0.88,2758,0,0
ACC-C6FBBC5DC0,0.0014693442002208768,5,2,0.84,2769,0,0
ACC-916753B14F,0.00026480108676245004,1,1,0.89,2503,0,0
ACC-E7FA384148,0.0018247759686236401,4,1,0.74,1242,0,0
ACC-AA2A409CCB,0.0011473396257544904,2,3,0.73,2022,0,0
ACC-6AE4386F7B,0.00019154940324857343,0,0,0.83,1524,0,0
ACC-F0B35E74EA,0.0007770128649311713,4,1,0.95,2687,0,0
ACC-B739AC709B,0.0013197730314830273,4,1,0.77,139,0,0
ACC-D03850541F,0.0004888524244738083,3,6,0.86,411,0,0
ACC-2FFF4B263F,0.0008301233628710561,2,3,0.98,782,0,0
ACC-B0ADCF0EF4,0.0003282595738428581,1,3,0.99,2633,0,0
ACC-2615FB9091,0.001855170714231277,4,4,0.76,520,0,0
ACC-866F9BCA0B,0.0006027934488430383,5,3,0.8,889,0,0
ACC-CBD640205D,0.00019154940324857343,0,4,1.0,1140,0,0
ACC-DD90926B70,0.0014573801084398433,3,6,0.74,2712,0,0
ACC-CCEC58F489,0.000496533251891276,3,4,0.75,1331,0,0
ACC-0EBA265950,0.00019154940324857343,0,2,0.84,470,0,0
ACC-CB4AD17DFE,0.00020769254985857717,1,3,0.77,1856,0,0
ACC-2772396B1A,0.0003878667333031675,2,3,0.79,3556,0,0
ACC-AEE8AC8B42,0.0004748041538222837,1,6,0.83,1966,0,0
ACC-E273084685,0.0007867504577448838,2,4,0.8,306,0,0
ACC-B684F395A0,0.0003812768131387991,2,1,0.86,2598,0,0
ACC-0BE5BCC8A0,0.0003130864302044601,2,3,0.85,1212,0,0
ACC-2B5F825F48,0.0010986235718969902,3,3,0.92,3498,0,0
ACC-BD9438B62E,0.00019154940324857343,0,2,0.95,1699,0,0
ACC-ACDADA8CEB,0.000710433750179855,3,3,0.9,1753,0,0
ACC-F7E5116AF5,0.0003372611251525379,2,2,0.73,1947,0,0
ACC-14300691C9,0.0012165863631625074,6,6,0.94,3031,0,0
ACC-B7823C27D8,0.0034658618812883693,6,7,0.9,2305,0,0
ACC-15113E5F76,0.0020512302642929888,4,2,0.96,3078,0,0
ACC-B8E1238B67,0.000503769128619095,2,1,0.73,1284,0,0
ACC-420FED7829,0.003228839642308879,7,4,0.81,923,0,0
ACC-B79CF1E2E6,0.000488935370593815,2,2,0.94,2356,0,0
ACC-AB3C5011ED,0.0019368349397548025,6,3,0.9,2551,0,0
ACC-0F9E6E857D,0.0008067309467810798,2,4,0.71,3402,0,0
ACC-14BB7A2CD6,0.00047261847527473705,3,6,0.7,1396,0,0
ACC-73C38DBB72,0.0020217105763747083,3,2,0.92,290,0,0
ACC-5D08515DA7,0.002324441555532385,4,3,0.84,1545,0,0
ACC-AABAB59228,0.00028285647070639444,2,3,0.88,3186,0,0
ACC-3B161F37FC,0.002376498769024621,5,3,0.9,2535,0,0
ACC-7B3B8F0BFF,0.00033181353502942227,1,2,0.82,2491,0,0
ACC-1EB891BCE8,0.0009489016287928074,4,6,0.78,1765,0,0
ACC-3CA1139AD6,0.00042462163060391883,2,2,0.77,1268,0,0
ACC-6F896842BF,0.00019154940324857343,0,5,0.93,870,0,0
ACC-927E6074CB,0.0012112590549873804,3,5,0.75,3064,0,0
ACC-0EF9A10310,0.0008754132554487057,1,3,0.72,2293,0,0
ACC-E46609194C,0.0006074377862883381,4,4,0.96,1888,0,0
ACC-1D7B8F9113,0.0006940694680717209,3,3,0.79,2627,0,0
ACC-43F7F1BA86,0.0005584219110689713,3,2,0.84,3287,0,0
ACC-04F3E4D1E4,0.0026387269104133962,3,1,0.77,3464,0,0
ACC-3999FEBF46,0.0019223225951909262,2,4,0.92,3570,0,0
ACC-3535A7CF50,0.00023922421863409375,1,3,0.86,2095,0,0
ACC-DFAA153F85,0.002021633969131226,3,2,0.77,2984,0,0
ACC-A04FEE425F,0.0002683168339270294,1,4,0.75,631,0,0
ACC-5686318150,0.0006919975920721029,2,3,0.83,2314,0,0
ACC-5719E56777,0.0012003514520813317,4,3,0.96,2563,0,0
ACC-CABEA4CE2A,0.0005662647930552598,4,1,0.89,1925,0,0
ACC-55BDA24043,0.00019918406034337148,1,3,0.79,2083,0,0
ACC-CA717E470D,0.00045460830982759154,2,1,0.89,1180,0,0
ACC-782C1DCA3A,0.000455627288058618,2,3,0.87,1579,0,0
ACC-16D5DE4BFB,0.0019217551119042114,6,3,0.9,3322,0,0
ACC-C456B6C5DF,0.0003808648969219476,2,3,0.73,258,0,0
ACC-15A2BC1592,0.0004210020671463774,3,4,0.89,350,0,0
ACC-6D239D0E4C,0.0002072895831850597,1,4,0.86,1804,0,0
ACC-F114605CC3,0.0005910334865816196,2,3,0.93,1591,0,0
ACC-D495744B0B,0.00044871081288121585,2,6,0.72,2656,0,0
ACC-550953772A,0.00046161759635430784,2,2,0.96,1037,0,0
ACC-0E17B2F62E,0.0006014513575041406,3,0,0.99,1437,0,0
ACC-9912037D7A,0.0018213315939706592,2,3,0.79,2908,0,0
ACC-4CC2D08CE6,0.00032336642646231084,2,3,0.73,528,0,0
ACC-24278E82A3,0.000638988270367629,4,5,0.75,1490,0,0
ACC-9ACE70AC5F,0.0005180308791663444,3,5,1.0,791,0,0
ACC-01947BC03F,0.001252848432958662,3,2,0.93,419,0,0
ACC-3CDEE78BB2,0.0015670520542389371,4,5,0.96,2716,0,0
ACC-0060D2042A,0.00020644119855860388,1,3,0.95,669,0,0
ACC-F37C68CD36,0.0015407135170946273,3,4,0.71,2958,0,0
ACC-7EDF6E2936,0.0007425192953009076,1,2,0.79,1824,0,0
ACC-BB43C19BEE,0.0007080579723159533,3,2,0.99,984,0,0
ACC-4D424AD3CE,0.00019154940324857343,0,5,1.0,1511,0,0
ACC-43F0764A9E,0.0018847917736252925,3,8,0.83,2064,0,0
ACC-A65178755C,0.0003001136460714833,1,5,0.72,571,0,0
ACC-B7766CF1A1,0.0013347726087632066,4,2,0.96,425,0,0
ACC-A26ED4E77D,0.0005799965170651135,2,2,0.74,1845,0,0
ACC-134110EB77,0.0024158687378241445,6,1,0.97,3350,0,0
ACC-18C29B6F29,0.003921863838345041,5,4,0.77,2061,0,0
ACC-38251481D0,0.0014718411232104967,4,2,0.94,410,0,0
ACC-C7F0E00F88,0.0015326176352149807,3,0,0.93,1940,0,0
ACC-5337FB769D,0.00019154940324857343,0,1,0.78,329,0,0
ACC-016ED7C075,0.001097939888712736,7,3,0.83,2498,0,0
ACC-26BB62B633,0.0006038959069132455,3,5,0.83,200,0,0
ACC-FE620C98BD,0.0010914693394417079,3,4,0.88,3432,0,0
ACC-67B3AE715B,0.0016382014053955055,4,2,0.79,2948,0,0
ACC-DBB3368EEA,0.00032064122951623515,3,1,0.9,1711,0,0
ACC-892865ECA5,0.00065184872426392,1,2,0.85,2159,0,0
ACC-4FE08D8EDF,0.0018157311015811245,5,1,0.89,1930,0,0
ACC-6364A8BD24,0.0014596750807741754,5,5,0.8,3234,0,0
ACC-043CCDBDE9,0.00019154940324857343,0,0,0.74,2388,0,0
ACC-6A47CE5A9F,0.00048098604022702167,3,1,0.99,722,0,0
ACC-7D818E469A,0.0005783120124502027,1,1,0.71,263,0,0
ACC-3DA9871BED,0.001269656279524878,3,0,0.98,176,0,0
ACC-A27D9889F7,0.00408976875922509,5,4,0.71,1944,0,0
ACC-62B369F1B3,0.0030949948096674414,4,4,0.96,3203,0,0
ACC-2C977634DF,0.0002887224163703365,1,6,0.92,1794,0,0
ACC-D7608B7F05,0.0007986437563160741,4,0,0.91,770,0,0
ACC-C963CD9027,0.0004969158784245169,3,4,0.92,3286,0,0
ACC-C21DAC488E,0.00019154940324857343,0,3,0.79,744,0,0
ACC-DFAADBE8F3,0.00019154940324857343,0,2,0.88,1260,0,0
ACC-F92E70E3C1,0.0016655673275615252,3,2,0.92,1836,0,0
ACC-70C525537E,0.00040712240371850014,2,1,0.72,1129,0,0
ACC-26A4FE84BC,0.0015428015609642452,2,2,0.99,3076,0,0
ACC-4D79601CD5,0.0004732252706977336,4,8,0.74,1799,0,0
ACC-2F8D0B5A25,0.0021553365872707814,5,4,0.71,1573,0,0
ACC-7ACEB00C1E,0.001342615708505249,4,2,0.93,1528,0,0
ACC-5A1EE3F0E9,0.0011395687365199163,5,3,0.77,1292,0,0
ACC-8BDC85DDB6,0.0008138270508281305,5,3,0.97,2125,0,0
ACC-55211DCBA3,0.00024068563626646224,2,2,1.0,1832,0,0
ACC-707D020FFD,0.0005288725840718912,4,3,0.74,824,0,0
ACC-C01D8EE4E1,0.0006544921947016229,4,1,0.94,1828,0,0
ACC-C61EBC8EFC,0.00019154940324857343,0,4,0.86,2911,0,0
ACC-FB262F231A,0.0007655061182150924,4,3,0.94,2920,0,0
ACC-39C9248263,0.001365795888264848,5,4,0.77,3249,0,0
ACC-2690ED0E5C,0.00034434930980117265,1,2,0.94,1516,0,0
ACC-BD4A668900,0.0004834544908072805,2,2,0.82,274,0,0
ACC-F7B774FDC5,0.001364398214563154,4,3,0.95,3155,0,0
ACC-BC27322374,0.0009110219625942241,4,4,0.84,308,0,0
ACC-A8A2646A94,0.0008968488114074507,5,1,0.89,3200,0,0
ACC-C2DC9694BC,0.002545375392695829,5,1,0.95,2064,0,0
ACC-6AC42DA33C,0.0009045736876053154,3,2,0.8,1326,0,0
ACC-4E192E264E,0.0009707965240936088,3,1,0.89,1031,0,0
ACC-8D2B37E15B,0.0013242265458096082,4,3,0.73,2521,0,0
ACC-7FB138125E,0.0011080451255922378,3,2,0.9,636,0,0
ACC-4DEC6547E5,0.0013270396356145928,4,6,0.95,2313,0,0
ACC-FCAC3A896F,0.00028493348967234766,2,5,0.78,3163,0,0
ACC-5FFB73CA57,0.0007381156498261974,4,0,0.85,2622,0,0
ACC-78063956AD,0.0009506952656404287,3,4,0.77,1242,0,0
ACC-744D8EC3A9,0.0023659884172546356,7,4,0.75,303,0,0
ACC-A85ACB75BF,0.0016879760611783054,6,2,0.79,2489,0,0
ACC-D776A0BE4C,0.000627136298482823,3,2,0.74,1419,0,0
ACC-58E2280A96,0.0025400043110685813,5,2,0.74,995,0,0
ACC-A2FBAF3CC0,0.00019154940324857343,0,4,0.96,1193,0,0
ACC-67E6A14EEA,0.0003243844054381218,3,3,0.98,659,0,0
ACC-0CC0CED010,0.0002275934579252519,1,3,0.84,2045,0,0
ACC-A6FBC3240E,0.0008540421421636505,4,1,0.84,1615,0,0
ACC-76B304AAAA,0.0014248268472497163,4,0,0.85,212,0,0
ACC-C06C86F552,0.002910694958615024,5,4,0.7,1175,0,0
ACC-F185D565E6,0.0014384553644107214,3,3,0.93,2984,0,0
ACC-B2942B83FB,0.00019154940324857343,0,3,0.81,2306,0,0
ACC-27BAF0D834,0.0009455340702959178,7,3,0.78,3135,0,0
ACC-99EE9C11B6,0.0011904636108330158,3,2,0.81,401,0,0
ACC-0A5EE1B113,0.0012156899106500036,6,5,0.88,595,0,0
ACC-C4BFC0E03A,0.00019154940324857343,0,7,0.94,566,0,0
ACC-14622DF05B,0.0008043761931996224,4,1,0.8,2116,0,0
ACC-4CDAB72A3B,0.0014869494922346875,5,6,0.88,2530,0,0
ACC-94CA2362BA,0.00019154940324857343,0,6,0.79,2907,0,0
ACC-FD09B22B95,0.000876065683843094,4,1,0.88,453,0,0
ACC-3552A8B7B0,0.002062770396930651,5,2,0.88,2582,0,0
ACC-A34D67F943,0.002194725351756054,5,4,0.87,3184,0,0
ACC-9A5DA012CF,0.0009791795214776826,3,1,0.93,2152,0,0
ACC-70566D979F,0.00019154940324857343,0,1,0.98,134,0,0
ACC-EDE54FCC92,0.00029500615277092883,1,5,0.82,1720,0,0
ACC-767782128C,0.0013939021505632251,5,2,0.91,1936,0,0
ACC-62B41A2151,0.0005335730525486197,2,2,0.86,2717,0,0
ACC-1CCF766288,0.0015309102700534834,3,2,0.86,2188,0,0
ACC-37B3A93D4F,0.0022152715479338285,4,3,0.88,2639,0,0
ACC-BE6BD33BB9,0.002079994861362232,5,1,0.98,1227,0,0
ACC-F8EA76CDC7,0.0010702078611973167,4,2,0.8,2832,0,0
ACC-CAEEF3E77C,0.00019154940324857343,0,4,0.79,2960,0,0
ACC-5A59EEED82,0.0006435467717947082,1,5,0.99,1621,0,0
ACC-7E47E73A36,0.00021762146465872115,1,6,0.8,2930,0,0
ACC-FA10BE1FA4,0.003345030213732964,4,5,0.95,881,0,0
ACC-E002377908,0.00044030528811779914,2,3,0.88,567,0,0
ACC-CEEC7AB2F4,0.0005041726667218213,2,4,0.89,2180,0,0
ACC-6BA07DAEE0,0.0019310329619097366,5,0,0.9,1939,0,0
ACC-BC8F7A397C,0.000825944047671193,3,2,0.9,651,0,0
ACC-0735508F97,0.000986730588160121,4,4,0.8,821,0,0
ACC-7B3104B541,0.0011152731634943964,2,3,0.77,2676,0,0
ACC-F957DD43AC,0.002327607004381948,9,4,0.96,722,0,0
ACC-05DF6021DB,0.0007824199236496437,5,4,0.94,3430,0,0
ACC-02C0759379,0.003409760441180604,2,2,0.7,1190,0,0
ACC-564DDDA45C,0.0010437092413954465,5,5,0.84,1377,0,0
ACC-62E67F6055,0.002199110149169306,5,2,0.84,554,0,0
ACC-AECA8D84BB,0.00024606883657066566,1,6,0.89,2999,0,0
ACC-4779286848,0.0009306378573846473,3,5,0.87,3243,0,0
ACC-220F23770A,0.0011543000560686307,4,5,0.95,2621,0,0
ACC-CC005EB078,0.00019154940324857343,0,4,0.99,395,0,0
ACC-3D9503D477,0.0019753049159888683,5,3,0.77,1073,0,0
ACC-C17DF81397,0.0015242893311269272,7,5,0.7,2390,0,0
ACC-40CE764DEC,0.0019652840967460156,7,4,0.84,2740,0,0
ACC-4C3E73EFA6,0.0006625012053419894,1,4,0.91,3641,0,0
ACC-765C988E8A,0.0005118295938783475,4,2,0.77,2522,0,0
ACC-EB06C9ED42,0.00110964718359222,5,8,0.82,2486,0,0
ACC-4161640330,0.0017312147659394796,2,2,0.93,3289,0,0
ACC-9DDDF0EB39,0.0004488593569467867,3,1,0.83,340,0,0
ACC-A0AF725079,0.0007594232398166246,6,4,0.95,464,0,0
ACC-65FA99C299,0.0006796751573589748,4,8,0.8,618,0,0
ACC-CFBD921E4D,0.0010854364572552557,3,1,0.85,2941,0,0
ACC-303DA6A399,0.00039121091554794693,1,1,0.85,1862,0,0
ACC-6AA0A9180D,0.0015726349609014208,6,1,0.92,2760,0,0
ACC-92BA6DED1D,0.0009884228108763768,5,3,0.72,897,0,0
ACC-4B95B5E62E,0.00037356574421970476,2,0,1.0,251,0,0
ACC-DC86F134B4,0.00028149896471512997,1,3,0.93,3154,0,0
ACC-CB3F05F503,0.00019154940324857343,0,6,0.96,1571,0,0
ACC-38A80976AA,0.0004059413695632109,3,4,0.74,2715,0,0
ACC-88A8D95EC3,0.0013344222131936986,2,1,0.86,2205,0,0
ACC-55AB15FD2D,0.0003389667590368118,3,8,0.99,3102,0,0
ACC-73AD3C2674,0.00026945074781428713,2,2,0.95,2183,0,0
ACC-F94199C495,0.0013380604925226863,6,3,0.71,777,0,0
ACC-EB1B768C42,0.0011805178344405861,4,4,0.77,3624,0,0
ACC-750B08D60C,0.0009810642208142228,4,6,0.77,2453,0,0
ACC-4A7B999733,0.0007859493488337238,2,2,0.74,894,0,0
ACC-F4366809DC,0.0007365597779620361,2,1,0.87,2364,0,0
ACC-79256D8375,0.0012428352506310908,3,1,1.0,1241,0,0
ACC-62606F5DC1,0.0006003518599118051,1,1,0.98,254,0,0
ACC-B3DBC46391,0.003534162299648614,5,1,0.87,2785,0,0
ACC-7F7EE3CA38,0.0004054617395764643,3,5,0.94,2754,0,0
ACC-8C6EEE6E66,0.0011198138592830131,4,2,0.76,1233,0,0
ACC-5B3E8503F1,0.00020108762335872095,1,1,0.94,1236,0,0
ACC-82303C3115,0.0012210699192961856,5,2,0.86,1711,0,0
ACC-ADEE22EAB1,0.0013513752520986054,5,1,0.98,2653,0,0
ACC-3F1332028A,0.0007095684230924319,1,4,0.72,3402,0,0
ACC-BD36F7BA6A,0.0006659632252956914,3,2,0.76,3583,0,0
ACC-910BA4F446,0.00022924491721423528,1,1,0.76,893,0,0
ACC-B57DC57093,0.0011759488327057958,3,4,0.98,67,0,0
ACC-02C5001F94,0.00029497955263099485,2,3,0.91,1966,0,0
ACC-F3D06559F3,0.0013239424951084866,6,3,0.93,2266,0,0
ACC-C8A8330605,0.0005963308513402375,3,3,0.81,1268,0,0
ACC-805C00B3BA,0.0017720903312201343,3,5,0.93,2964,0,0
ACC-735C11E982,0.0006119444782898781,3,4,0.87,1700,0,0
ACC-31FE231B1B,0.00035035668865938306,2,3,0.87,2271,0,0
ACC-5F15AE2D5F,0.001821222491772056,2,6,0.87,947,0,0
ACC-6E3E268136,0.0009027833762531702,3,5,0.78,2810,0,0
ACC-CB0B0E032C,0.0010172984500660196,1,5,0.84,3034,0,0
ACC-4AF65220ED,0.00028442264404547775,3,6,0.85,2955,0,0
ACC-3CD4B5DA97,0.0006918129152318971,3,3,0.71,245,0,0
ACC-D4C1048A81,0.002232199608028318,4,3,0.82,203,0,0
ACC-3CA6155674,0.0006982047335720549,4,3,0.77,623,0,0
ACC-D8D4E9B435,0.0005578225788447782,2,2,0.97,2736,0,0
ACC-852D8A89CD,0.0006667800926565381,4,4,0.7,2264,0,0
ACC-2F5AFAD426,0.0006671249925882591,1,2,0.85,1179,0,0
ACC-2B7C24EF20,0.0002672822676291569,1,3,0.98,739,0,0
ACC-73A9A3591F,0.0009225566606447148,4,5,0.94,2161,0,0
ACC-7883394F1B,0.002324321964525822,3,4,0.87,1668,0,0
ACC-478A68504D,0.0012935842209772324,4,2,0.9,3477,0,0
ACC-ABD4538C3C,0.00130149906261747,3,1,0.81,1665,0,0
ACC-8948A66CCA,0.00020453162212073566,1,4,0.85,706,0,0
ACC-DFABF003B7,0.0008351988355521421,3,3,0.97,3519,0,0
ACC-F2A8694245,0.0019213905242482703,7,5,0.84,3560,0,0
ACC-7919653E0C,0.0011992247729022958,3,3,0.87,1153,0,0
ACC-B0650C64D9,0.0002693265456059027,1,1,0.88,69,0,0
ACC-9CAE4D5853,0.0014655733888157604,3,7,0.75,320,0,0
ACC-2E4FEC1EA8,0.001172185052780548,4,6,0.8,2778,0,0
ACC-D51E8CAB49,0.0019363059093752163,4,4,0.85,2828,0,0
ACC-AAFB6325CE,0.0010639178550012444,5,6,0.8,3440,0,0
ACC-AF3A1DDB76,0.0015380828419039375,5,1,0.71,3173,0,0
ACC-907F3585BC,0.0008217916493939308,5,1,0.87,939,0,0
ACC-DBA678DC6E,0.0006350451914261201,4,1,0.73,2711,0,0
ACC-C0D660E6FD,0.000381896268101122,3,4,0.78,306,0,0
ACC-445AF8A995,0.0006940585871196978,4,4,0.8,3034,0,0
ACC-FC68401E79,0.0015387373466673698,2,3,0.93,1826,0,0
ACC-6D358C6424,0.0008202189215186286,2,3,0.87,1843,0,0
ACC-2917D096F0,0.0005796251786321207,4,5,0.88,2275,0,0
ACC-39123E81E5,0.0007938759187301729,2,4,0.82,1200,0,0
ACC-B1F9006D61,0.00046134639522213904,2,0,0.86,999,0,0
ACC-F3BE1B6D2F,0.0007721714304932554,2,5,0.85,1238,0,0
ACC-8F67E176FD,0.00026533965587099663,2,6,0.93,1232,0,0
ACC-4AE564720E,0.0008312594530963233,3,3,0.88,2565,0,0
ACC-FE70458486,0.0005865005567492417,2,2,0.8,32,0,0
ACC-578F5CF5AA,0.0003891753451332889,3,1,0.83,1808,0,0
ACC-174B868AF3,0.0006873104150685265,4,4,0.8,562,0,0
ACC-7D79DF515F,0.0004955976591508349,3,3,0.79,1636,0,0
ACC-379E774384,0.0009305489651019009,1,3,0.8,3207,0,0
ACC-B4EF26F30C,0.0005890473068097861,2,3,0.76,471,0,0
ACC-98518C4C77,0.0016747169399844828,3,4,0.98,115,0,0
ACC-D4EEC9C86D,0.0026856382085863814,3,2,0.95,2842,0,0
ACC-49CA71AD82,0.00029399520560765847,2,2,0.77,575,0,0
ACC-C8E71B7947,0.0005958571672512658,2,8,0.83,1549,0,0
ACC-F48B1C477F,0.0004061712958524648,1,5,0.86,2080,0,0
ACC-8CA8143342,0.0008585496639767647,6,4,0.88,3332,0,0
ACC-7B9514B58D,0.0019069696949576367,4,4,0.75,2698,0,0
ACC-31D8A89722,0.0007562735232420825,4,3,0.99,2779,0,0
ACC-5D3857F4E3,0.0015933736910113412,3,3,0.78,48,0,0
ACC-DDAFB58A0C,0.001796315080042163,1,1,0.77,2821,0,0
ACC-A1213A3BAA,0.0013603865608326404,3,2,0.75,2415,0,0
ACC-F4704FE65D,0.0002061848984928649,1,6,0.95,356,0,0
ACC-B8F764D783,0.0030275347834453057,5,4,0.86,1870,0,0
ACC-CB2D6018FF,0.0020480984484098305,5,6,0.8,2858,0,0
ACC-B727761BBE,0.00025109770651261007,2,7,0.89,97,0,0
ACC-BC8E32E08B,0.00019154940324857343,0,5,0.85,3038,0,0
ACC-6F46916E7E,0.000414389450621577,2,5,0.94,1897,0,0
ACC-29CB0EC2FB,0.0027801294175241807,7,1,0.71,1775,0,0
ACC-F480D3981E,0.001509096333252221,4,2,0.7,1764,0,0
ACC-542A9CBD37,0.0031942333164539957,8,3,0.87,3317,0,0
ACC-6A2B38523A,0.0005730846531121547,1,4,0.84,1340,0,0
ACC-867E2E7256,0.0004532508187601697,1,5,0.88,2622,0,0
ACC-640FAAC1A6,0.001384718610921577,4,6,0.89,1446,0,0
ACC-8E42257DFC,0.0006574353731859291,1,3,0.73,2521,0,0
ACC-6F305E7DE2,0.0003870922759846156,1,6,0.81,484,0,0
ACC-42561BAF46,0.0019125523438417056,4,6,0.82,569,0,0
ACC-E459DE3C78,0.0008307163254208888,5,4,0.87,2647,0,0
ACC-8E21016DF3,0.0009395467420046082,4,4,0.89,3453,0,0
ACC-0B9FA22C53,0.001818006410563905,3,4,0.94,564,0,0
ACC-C0FEDCAB89,0.0009257114632906755,4,2,0.82,2809,0,0
ACC-3EDAF055AB,0.002314502544781568,4,2,0.94,2320,0,0
ACC-B61E536FF6,0.0002673846152068222,3,3,0.75,2207,0,0
ACC-701A2F2D0F,0.0002699445419424773,1,1,0.85,2033,0,0
ACC-C2B46B24FC,0.0006850247396898873,3,2,0.86,3377,0,0
ACC-E6B86E6FA6,0.0008598854831098207,5,6,1.0,2242,0,0
ACC-AC74C712B4,0.0017148306292794758,6,4,0.96,1018,0,0
ACC-6C36439464,0.00019154940324857343,0,3,0.83,3350,0,0
ACC-815F9190D9,0.001036458943591698,7,2,0.91,3325,0,0
ACC-FEFD474107,0.0008068040136788762,6,5,0.74,684,0,0
ACC-D5B4E47CC4,0.0017326542677377956,5,1,0.86,2340,0,0
ACC-24F522F2BC,0.0011423141483524256,3,3,0.79,2888,0,0
ACC-3C93F1616E,0.0007375925608990836,4,7,0.74,2787,0,0
ACC-F096D4C6E9,0.002052736959800396,6,2,0.91,1140,0,0
ACC-061AE2D0D5,0.000407092043051135,3,4,0.93,3398,0,0
ACC-71B3F3476E,0.0018829125649526528,6,3,0.89,2595,0,0
ACC-62FE6D513D,0.0003577712003006862,3,4,0.82,3609,0,0
ACC-F93CCD06E3,0.0007178483182211172,2,4,0.99,1516,0,0
ACC-E6B5060B5D,0.0008209196911065514,3,5,0.92,3474,0,0
ACC-3BB48B1CF1,0.00040103402204993,3,4,0.94,3487,0,0
ACC-7893364839,0.00019749448468237848,1,1,0.78,872,0,0
ACC-C56EE285EE,0.0026225101184862566,6,4,0.96,539,0,0
ACC-DD20BC5842,0.0013752567803432152,7,5,0.73,203,0,0
ACC-246DDFB129,0.0007076712945910547,3,1,0.83,3517,0,0
ACC-26A18336EE,0.0002680426312730835,1,1,0.96,2825,0,0
ACC-62AE8DB4D8,0.00052534639682803,1,2,0.9,1127,0,0
ACC-1FBBC00607,0.00025467177612344556,1,6,0.72,2662,0,0
ACC-527DD88844,0.00124523880554578,6,3,0.9,964,0,0
ACC-A830244D0A,0.0016069616116373118,5,2,0.88,324,0,0
ACC-2FEA127818,0.0003521350932681088,2,1,0.95,2854,0,0
ACC-4A829B5104,0.0004400512586193757,2,2,0.81,295,0,0
ACC-08756AA444,0.000509256733341588,3,4,0.74,1510,0,0
ACC-D82840F1AF,0.0010049772788582228,2,4,0.72,2632,0,0
ACC-666B15ED36,0.0005904054597508917,3,4,0.92,1807,0,0
ACC-22C8A8AA60,0.0010108704169389017,3,4,0.96,2528,0,0
ACC-B8FC9FB216,0.0013659167117698419,4,3,0.92,509,0,0
ACC-56BE8634FF,0.0002487191603293913,1,2,0.78,577,0,0
ACC-0B1CAB7B46,0.0007704955356155773,2,3,0.79,2958,0,0
ACC-0E2386D597,0.0030306954407356315,7,2,0.76,3592,0,0
ACC-AEA5766321,0.0005656217892327933,3,5,0.94,1215,0,0
ACC-F5003B4F47,0.0010778242634874164,5,1,0.85,466,0,0
ACC-0949F0D18E,0.0006949464589242161,2,3,0.98,54,0,0
ACC-67DD07E5DE,0.0004040405592327478,3,5,0.86,1728,0,0
ACC-4CA38AEDEE,0.00020382047931440426,1,1,0.71,3160,0,0
ACC-16B5023BFB,0.0002624048878433945,1,4,0.85,252,0,0
ACC-5E6280B7EB,0.001598292164134862,3,0,0.72,1739,0,0
ACC-8572892C25,0.00019154940324857343,0,3,0.72,347,0,0
ACC-639FF4E37D,0.0003014881501593932,2,4,0.82,2202,0,0
ACC-DE0D74A0CF,0.0012040540715227703,4,0,0.79,2639,0,0
ACC-5667CE7568,0.0003581980764616184,2,3,0.73,242,0,0
ACC-C77EB75317,0.0008256430595814813,3,6,0.9,230,0,0
ACC-7F0DBD2FAA,0.000979988140100012,3,5,0.91,2904,0,0
ACC-E905AF5F05,0.00127324880973482,6,3,0.75,2123,0,0
ACC-EAE932E25B,0.0010557433972224746,5,1,0.93,3007,0,0
ACC-FDB5A12E90,0.0018500061715436065,3,2,0.78,2150,0,0
ACC-54B9E3F978,0.0025430610051844754,8,2,0.72,2097,0,0
ACC-FE85C6E186,0.001750241232227301,3,8,0.97,1049,0,0
ACC-3E4E52E0F7,0.003936680731168788,7,2,0.71,2089,0,0
ACC-528E2FBFFC,0.0004223662031781354,3,1,0.98,1495,0,0
ACC-4086ADBCC7,0.00021551720292220994,1,3,0.77,2269,0,0
ACC-441A624A48,0.00019154940324857343,0,1,0.87,1116,0,0
ACC-90A8AB35BD,0.00020187005823835426,1,2,0.94,739,0,0
ACC-54D1D15CE3,0.0007049539933967739,2,1,0.93,1910,0,0
ACC-2F6B718C23,0.00046649200118346987,3,5,0.76,37,0,0
ACC-1BDE0C98DE,0.0024373880712634105,5,2,0.81,998,0,0
ACC-420560F7DA,0.00045144524664316214,2,0,0.93,3005,0,0
ACC-FB8B45AA08,0.002653115491911369,3,4,0.86,102,0,0
ACC-A2C339E9C0,0.0005071541092132412,3,2,0.93,1377,0,0
ACC-12474E0D6B,0.00036461737907074156,2,1,0.86,430,0,0
ACC-EB83C67414,0.0004945078302107918,3,3,0.73,588,0,0
ACC-EB16F1E385,0.0008760042435884115,4,3,0.84,1696,0,0
ACC-D082666A95,0.001211011802450493,4,3,0.72,551,0,0
ACC-4D54803324,0.0004648623957401349,1,4,0.79,540,0,0
ACC-B0438D56AA,0.0005571807525529372,2,1,0.8,2875,0,0
ACC-F92965B93C,0.0007226976589942493,3,6,0.73,562,0,0
ACC-69261F9DE4,0.0008797533470725521,3,2,0.86,1670,0,0
ACC-7CDA84AC00,0.0015207821413225455,4,1,0.73,1090,0,0
ACC-C22170FA88,0.0016085053349621336,5,4,0.71,2859,0,0
ACC-31878FEFFC,0.00019154940324857343,0,7,0.99,2917,0,0
ACC-831C4BCD37,0.0011615546738788075,5,2,0.71,1070,0,0
ACC-44A90443FC,0.00028868903352337826,1,1,0.73,2258,0,0
ACC-76445D988C,0.000294064645773675,1,4,0.95,53,0,0
ACC-180C85B69F,0.0013456861468526017,3,2,0.87,1529,0,0
ACC-997180843F,0.0011671697688839236,4,4,0.97,269,0,0
ACC-31C7C84AB6,0.0010089095239835162,3,5,0.74,3475,0,0
ACC-2494521276,0.0008683588790119924,3,1,0.85,1779,0,0
ACC-BF9CB7E353,0.0016075774633264735,3,5,0.78,884,0,0
ACC-4536A10727,0.002462839864494608,7,3,0.77,2541,0,0
ACC-78A16E7E25,0.00019154940324857343,0,4,0.73,1967,0,0
ACC-72C44271E7,0.0008640112151714924,4,1,0.77,3628,0,0
ACC-DFFB3F40EF,0.002057552905712876,4,2,0.84,1571,0,0
ACC-6E4E1E9D4F,0.0015824362132218865,6,3,0.82,2062,0,0
ACC-AD57584C63,0.0012775816131025543,5,2,0.72,125,0,0
ACC-D8121DF259,0.0008320233114255245,1,3,0.73,958,0,0
ACC-FE101774C0,0.0019966418392648884,3,4,0.93,3245,0,0
ACC-21AD94C61E,0.001072677469220406,3,1,0.98,1595,0,0
ACC-A930381713,0.000813575818329495,3,3,0.97,1307,0,0
ACC-070D19C553,0.0013339166746810383,3,5,0.74,2330,0,0
ACC-0E693A23A9,0.00039684802671134764,2,5,0.79,2021,0,0
ACC-C8239DDCE2,0.0015704960721557419,5,3,0.71,2469,0,0
ACC-6CE41F6087,0.0006941838869673262,1,2,0.8,830,0,0
ACC-14B161A190,0.0015276985268077897,4,1,0.71,1330,0,0
ACC-FE482F5C86,0.0007177233964734552,4,3,0.96,459,0,0
ACC-47A6DECA4B,0.0004556642261400695,2,4,0.73,1625,0,0
ACC-DE5B619833,0.0012509198167641165,3,5,0.94,3004,0,0
ACC-A7F8107923,0.00042781849380338843,2,2,0.94,2306,0,0
ACC-0CF66CA1E7,0.0008525020905033521,2,0,0.92,1554,0,0
ACC-02F5E7CB8F,0.0007324629588911838,2,4,0.82,2880,0,0
ACC-E1564FA410,0.0006100803532338782,2,4,0.98,2472,0,0
ACC-C5D2B7C89F,0.0009600099904191658,3,3,0.8,2037,0,0
ACC-F18365684C,0.0006506991592571548,3,4,0.95,692,0,0
ACC-95313103B8,0.0003988118212147144,1,2,0.78,1834,0,0
ACC-D6689B88F1,0.0011351339496164152,1,3,0.92,3228,0,0
ACC-A7035C201C,0.0022226327244771146,4,1,0.85,686,0,0
ACC-BF751C37BF,0.0011607061041819002,4,2,0.94,3399,0,0
ACC-4C3B5F7DD0,0.005073091058579611,8,3,0.72,671,0,0
ACC-86858D0E29,0.0033945182981680814,5,5,0.72,1074,0,0
ACC-4FD85A4C52,0.0009486125797677317,8,1,0.98,312,0,0
ACC-0013C45F4C,0.0008721154127858447,4,3,0.83,1982,0,0
ACC-9689E95CF5,0.002987065418427198,7,4,0.73,648,0,0
ACC-C470247F3E,0.0032063997426025575,3,3,0.78,2274,0,0
ACC-0BA8E5E1C6,0.0009904420057086174,5,7,0.86,1614,0,0
ACC-D843FAA512,0.0002281768582855584,1,7,0.79,1756,0,0
ACC-F2C2B527B9,0.0013913229006871774,5,6,0.76,402,0,0
ACC-16277DA3F8,0.002795268872212051,8,5,0.79,3461,0,0
ACC-99EC609564,0.0003932732120450065,2,4,0.89,1090,0,0
ACC-A86A8F2CEF,0.00020309865597154604,1,4,0.83,1518,0,0
ACC-B982011985,0.0008686991499313594,5,5,0.87,3433,0,0
ACC-8F9C68EB8C,0.00026317522759612276,1,4,0.94,356,0,0
ACC-A7BEAC881D,0.002021583724582115,4,0,0.95,2272,0,0
ACC-A934D822B8,0.0014957426226918189,5,1,0.87,2819,0,0
ACC-43C7F95B7C,0.00030825556508430206,2,2,0.85,3502,0,0
ACC-ABF55A14B6,0.0013314163610304165,4,5,0.74,2545,0,0
ACC-11B514782C,0.0006964774925302939,3,4,0.94,689,0,0
ACC-E6C3585964,0.002232537546640315,8,3,0.76,2803,0,0
ACC-012C518606,0.0004613462163203611,5,3,0.97,1061,0,0
ACC-5EBDC3EF6B,0.00041528771285644203,1,7,0.87,2283,0,0
ACC-E8ED755DF3,0.0007110519689088993,3,1,0.94,3582,0,0
ACC-C154C76851,0.0007577469095758859,2,3,0.74,465,0,0
ACC-C1685C01FB,0.00035433301620031965,1,2,0.87,415,0,0
ACC-FD43157213,0.001296625339340749,2,1,0.96,3610,0,0
ACC-800B8EADF0,0.001015298079618762,3,1,0.71,2499,0,0
ACC-AA9C661D0F,0.0005462615562833789,1,2,0.71,2793,0,0
ACC-A25BD37547,0.0005555321130302729,1,5,0.98,206,0,0
ACC-FC78CBF289,0.002554053953996522,7,4,0.79,3255,0,0
ACC-89C7971B17,0.00025390412448646465,1,3,0.74,407,0,0
ACC-CB714FE2D9,0.0006236201072502612,1,5,0.88,1108,0,0
ACC-5DF531FCA6,0.000623506249635691,2,3,0.92,3379,0,0
ACC-DB74204A77,0.00032962977313335964,3,3,0.94,235,0,0
ACC-3084D7D388,0.0006014667794735522,3,2,0.96,560,0,0
ACC-4283D26207,0.0007454077056767638,4,0,0.77,827,0,0
ACC-0FF32FDF91,0.00019154940324857343,0,3,0.81,820,0,0
ACC-7B282E32C1,0.0006737035680058422,2,5,0.77,512,0,0
ACC-AAC5FB04B0,0.00019154940324857343,0,4,0.88,3570,0,0
ACC-5B08E29A74,0.0013218483035194863,5,4,0.79,1064,0,0
ACC-47795EDE90,0.0025539235219524926,6,4,0.96,3199,0,0
ACC-063B0DF9B6,0.0009991576470312683,6,3,0.85,2673,0,0
ACC-48A80C4541,0.0003376637501395567,1,6,0.97,41,0,0
ACC-B032E7B84B,0.0008225127009091179,7,2,0.88,921,0,0
ACC-29FC810E66,0.00019154940324857343,0,3,0.97,1132,0,0
ACC-9FCC7D1426,0.0006568658769639849,4,4,0.9,1916,0,0
ACC-0BBFA7333B,0.0003342683720087145,1,4,1.0,35,0,0
ACC-C7F14C5086,0.0017376419372038838,7,0,0.78,2437,0,0
ACC-BDB1ACBE88,0.0017244829129757456,7,6,0.96,1137,0,0
ACC-DB242399C2,0.00032111397422224323,2,4,0.76,2673,0,0
ACC-EAD04534D9,0.0006453456607003939,1,1,0.82,3304,0,0
ACC-9775561CCA,0.0018369776068830478,4,7,1.0,2689,0,0
ACC-4EC4D221E6,0.0005596751015943959,4,3,0.87,3022,0,0
ACC-19D7F4B97F,0.001288440439851623,3,2,0.91,2926,0,0
ACC-0BA17EEC9F,0.0007061494800525219,1,2,0.85,2756,0,0
ACC-A080E0B4CA,0.0005996186652009833,2,4,0.79,2291,0,0
ACC-216468EA2A,0.0018427508819660369,2,1,0.93,3315,0,0
ACC-E29496DB40,0.0011718534329865674,3,5,0.77,2685,0,0
ACC-65DDB8C5FD,0.0012969672410448158,5,1,0.81,3233,0,0
ACC-1DEA054489,0.00040245206260590134,3,4,0.96,1932,0,0
ACC-B530B7482A,0.0005450087366713103,2,2,0.85,1939,0,0
ACC-F596F82B97,0.0012107153544752935,5,3,0.96,1697,0,0
ACC-AC37282B6E,0.0010195610651618846,4,5,0.97,1681,0,0
ACC-DCADBBE396,0.0028315595143782912,6,6,0.85,743,0,0
ACC-BD293A9B4B,0.0005651031912620543,3,7,0.84,242,0,0
ACC-FB4F337A9C,0.0007349378185408584,3,0,0.85,3136,0,0
ACC-C00F471205,0.001763702892024452,3,1,0.82,1781,0,0
ACC-6F4436A295,0.002451483528613464,6,3,0.99,821,0,0
ACC-3BC75DF505,0.0006879098492407528,4,6,0.9,785,0,0
ACC-0833635625,0.001194153165606424,2,2,0.79,3597,0,0
ACC-5AFE95B7F4,0.00026972735258667794,1,3,0.95,689,0,0
ACC-7BC373E0D3,0.0008161333271899627,3,4,0.86,2136,0,0
ACC-C46FDCD89C,0.00047341212444596003,3,2,0.81,1408,0,0
ACC-6E8E5F6E2C,0.0016909220424479007,1,3,0.71,3330,0,0
ACC-7794BFD170,0.00019154940324857343,0,3,0.88,3011,0,0
ACC-89971B1940,0.0008010006914321896,4,4,0.81,3249,0,0
ACC-91579CCF81,0.0013760665637774958,4,3,1.0,204,0,0
ACC-AAC03853A0,0.0013023815558674849,3,2,0.83,202,0,0
ACC-63DABB2760,0.0008711267814686697,6,2,0.76,2879,0,0
ACC-AE4D16816A,0.0006690188180355427,2,2,0.9,2715,0,0
ACC-F56DE0C251,0.00019154940324857343,0,1,0.85,1720,0,0
ACC-44E03E54BF,0.0006657816792184896,3,1,0.76,440,0,0
ACC-1E527431C0,0.001042127468093174,2,8,0.91,831,0,0
ACC-18CA389BCC,0.0012236307605821349,3,1,0.8,855,0,0
ACC-885AA00664,0.0008966783708401469,2,4,0.9,457,0,0
ACC-03F034657E,0.0016713548851948607,5,1,0.97,312,0,0
ACC-364CCC95E8,0.0018127718178391052,4,4,0.84,1217,0,0
ACC-5E8F1BE27B,0.0006284413387017402,3,2,0.81,3495,0,0
ACC-447F620CDE,0.0006302250054883605,3,4,0.7,394,0,0
ACC-B3C08E3167,0.001742575641173845,4,7,0.99,1469,0,0
ACC-6428682424,0.0008761444983774024,5,2,0.75,3343,0,0
ACC-C316F81D91,0.000567907497811144,2,5,0.91,3428,0,0
ACC-2847A7188C,0.002128771591156126,6,4,0.73,3269,0,0
ACC-8663F4CB7F,0.00319657879506045,6,1,0.73,3463,0,0
ACC-4AD834E3C4,0.0002517629954993169,2,5,0.75,2783,0,0
ACC-72E364726E,0.000920074632576505,4,2,0.84,3538,0,0
ACC-7C2A155650,0.00037462391289152434,2,4,0.78,193,0,0
ACC-18A95F0463,0.0011142768418707625,3,2,0.92,2154,0,0
ACC-86D9F6EBB9,0.0003949535870483086,2,3,0.86,1390,0,0
ACC-C33D5B366A,0.0004572336259452203,3,3,0.84,2981,0,0
ACC-29D2E7CBB1,0.000898312385257598,3,4,0.97,3441,0,0
ACC-93A4E5AEC0,0.0019188878681427463,5,3,0.95,647,0,0
ACC-E0BA6B7C1D,0.0004164004915936955,3,7,0.8,3082,0,0
ACC-E85088220C,0.0003204831382524545,1,4,0.89,917,0,0
ACC-6EAD40290B,0.0014166565218855442,4,2,0.83,1824,0,0
ACC-08463BBB0C,0.000267303395597977,2,3,0.73,2042,0,0
ACC-B8E2A0CEC8,0.000937584537635477,3,2,0.94,3387,0,0
ACC-8EAC86435A,0.0006963974289391142,2,5,0.9,2308,0,0
ACC-97DE8F3D46,0.00034818795608899727,3,2,0.95,227,0,0
ACC-2FE4F9E6DB,0.0028460647374774876,3,2,0.91,1942,0,0
ACC-4D6FD21437,0.0004720161604346545,1,4,0.81,13,0,0
ACC-2030851CD5,0.0005393898522876072,4,6,0.91,2143,0,0
ACC-D672496BB9,0.0006831081734021667,4,2,0.73,3371,0,0
ACC-76C65895CF,0.0004766293100202249,2,5,0.76,3495,0,0
ACC-847A760E3C,0.0004386330117036333,2,7,0.71,446,0,0
ACC-9FB7DE9911,0.0006001985172016519,1,3,0.84,3167,0,0
ACC-EFB3CA508E,0.0029355993530240537,5,2,0.86,2048,0,0
ACC-E2A3133D65,0.0005702285245710838,2,4,0.98,2401,0,0
ACC-4590CA8AF6,0.0013569074899679131,7,2,0.92,2374,0,0
ACC-20438A0D47,0.00019154940324857343,0,3,0.85,2487,0,0
ACC-6B7FC0B72D,0.001312634584387417,5,5,0.78,2841,0,0
ACC-CF935DAC6A,0.001060928297762993,4,2,0.82,551,0,0
ACC-81C5183F45,0.0009575102497346793,5,1,0.96,3458,0,0
ACC-FFC9D0FFD3,0.00019154940324857343,0,7,0.76,895,0,0
ACC-5487A8885D,0.0009861103397107054,2,1,0.99,2759,0,0
ACC-575D2A535F,0.0008001860188313852,3,4,0.91,2227,0,0
ACC-190183B2DC,0.0002446513896254849,2,3,0.9,2342,0,0
ACC-EB4D2BF02E,0.00086957564174308,4,2,0.94,3475,0,0
ACC-73068A09D2,0.002939443188099256,3,5,0.76,222,0,0
ACC-FC1CE0B093,0.00039016644342017477,2,9,0.74,2804,0,0
ACC-5BF5891FE1,0.0006722862399110007,3,5,0.71,3091,0,0
ACC-3A002A27CF,0.0006441501989746999,3,3,0.96,2771,0,0
ACC-41733A96C4,0.00019154940324857343,0,1,0.91,2097,0,0
ACC-4A6E5CA4CB,0.0012976841789882846,6,1,0.99,3233,0,0
ACC-205C5A9540,0.0009659481726607122,1,3,0.95,2546,0,0
ACC-D2850455D3,0.0013554926025117352,5,3,0.86,1511,0,0
ACC-8ADBC4AE0B,0.0009276702798406643,3,1,0.83,797,0,0
ACC-67A0A8E390,0.0011384688591884297,3,3,0.74,3015,0,0
ACC-AD0BCCC4E1,0.0024296356407349376,4,5,0.88,537,0,0
ACC-651117ECCC,0.001592187668826539,5,5,0.75,639,0,0
ACC-AEEECF22FC,0.0018994927294256221,7,1,0.95,2566,0,0
ACC-4699D54DC3,0.0005096847003793521,1,3,0.94,1471,0,0
ACC-049BEC7606,0.0020675587619915048,4,4,0.94,2137,0,0
ACC-9BF271EE8F,0.0006576714221053699,2,4,0.77,381,0,0
ACC-4868E01901,0.0011961179507104444,6,3,0.99,1207,0,0
ACC-13A8DBBE7A,0.0004001959557174156,1,2,0.73,3378,0,0
ACC-284AA105A8,0.0008122759907559754,3,2,0.77,2518,0,0
ACC-F79E5B6E30,0.0014782118285815245,5,6,0.82,3266,0,0
ACC-76274A7181,0.004929739693919098,8,2,0.85,2122,0,0
ACC-BC7E528579,0.00222554100984956,2,1,0.8,2673,0,0
ACC-0165A5DCE4,0.0018242508301132803,5,6,0.86,3172,0,0
ACC-11BAA92237,0.001668213793131729,5,2,0.96,3173,0,0
ACC-45ECE5D9E9,0.0010489640727634228,3,2,0.89,3399,0,0
ACC-CA0071ADF6,0.005141845393856372,5,4,0.71,1885,0,0
ACC-C437E4BF08,0.00043028695579827624,4,3,0.87,2290,0,0
ACC-2D8F981E06,0.0014340042712761036,6,2,0.83,1852,0,0
ACC-6145DF68ED,0.0011208638558556508,3,3,0.72,29,0,0
ACC-E3CDF1B8F6,0.0028030645556205683,7,1,0.98,302,0,0
ACC-71321C26BF,0.002599257964969953,5,2,0.78,2489,0,0
ACC-6E4F982747,0.0013457206694411806,2,3,0.84,2711,0,0
ACC-0F6B3E6554,0.0004642056591459085,1,6,0.79,3268,0,0
ACC-27F3C98FB7,0.00041854012130584115,3,9,0.99,3261,0,0
ACC-88FCBCC66C,0.00039068694639933564,2,2,0.7,509,0,0
ACC-A6DE6B58BB,0.000512209174753021,2,1,0.76,353,0,0
ACC-E735F42522,0.0008376243974339402,3,1,0.74,1695,0,0
ACC-DD97A5398E,0.000321853703848288,2,0,0.75,800,0,0
ACC-B02A895FFA,0.0005972664364317108,2,0,0.84,3081,0,0
ACC-EA88E8CA7B,0.0004965406164497976,2,3,0.76,1031,0,0
ACC-5B113A2100,0.0013367391266183664,4,4,0.73,530,0,0
ACC-7CDA8721D4,0.002026613380872203,6,7,0.8,1995,0,0
ACC-67E20C7EFE,0.00201758970619574,5,3,0.81,2321,0,0
ACC-ABA49273CF,0.0006770798538960431,4,4,0.94,1287,0,0
ACC-5EF11517C0,0.0008968946148388673,2,5,0.74,3446,0,0
ACC-22F56C107F,0.0008337006433485431,2,4,0.93,1829,0,0
ACC-12D1954EB8,0.0002161673832270295,1,4,0.95,2489,0,0
ACC-5BA2323BCA,0.0036930510228197606,9,0,0.92,809,0,0
ACC-D6B7EC030A,0.0010599045656329855,3,7,0.89,81,0,0
ACC-655E91503F,0.0006792456264430893,3,6,0.97,2421,0,0
ACC-FB32091F6D,0.00020705815288248405,1,5,0.9,2215,0,0
ACC-271222B259,0.0006521027068826415,2,4,0.92,3167,0,0
ACC-B2F5356E7C,0.0012896805321239006,6,2,0.81,375,0,0
ACC-AB8DF99C87,0.000433481920352533,2,3,0.91,3308,0,0
ACC-81F1B479A1,0.00028914459442277583,1,4,0.98,738,0,0
ACC-AB66858F8B,0.0009628517643291224,2,0,0.98,3003,0,0
ACC-69D19FB6C3,0.000366092733114148,2,1,0.81,262,0,0
ACC-9BF20630BA,0.0003009766396041074,2,5,0.82,3246,0,0
ACC-D7D4D11CC0,0.0010585761790361738,3,1,0.73,2661,0,0
ACC-70B8E77906,0.0008541401061288338,6,1,0.87,3043,0,0
ACC-CE7F594A4D,0.00019154940324857343,0,1,0.7,2243,0,0
ACC-44A481182D,0.0003544695273978854,1,1,0.43,85,1,0
ACC-63717C884E,0.0004930984879504845,1,1,0.21,84,0,0
ACC-3A5E7E9E84,0.000611087554493054,1,1,0.34,94,1,0
ACC-C20D3BE1EB,0.0007115469921099796,1,1,0.45,98,0,0
ACC-158C2AC522,0.0007970874690243543,1,0,0.72,18,0,1
ACC-E4D956169B,0.00019154940324857343,0,1,0.84,2097,0,0
ACC-084220E5C8,0.0003544695273978854,1,1,0.96,25,0,0
ACC-6A2FDABB08,0.0004930984879504845,1,1,0.36,89,0,0
ACC-75A5260A2D,0.000611087554493054,1,1,0.37,66,1,0
ACC-2A01E6538D,0.0007115469921099796,1,1,0.65,117,0,0
ACC-3C5DA12D88,0.0007970874690243543,1,0,0.71,2343,0,1
ACC-5DF7BA419B,0.00019154940324857343,0,1,0.86,398,0,0
ACC-51D8AE3387,0.0003544695273978854,1,1,0.3,98,0,0
ACC-EF8C69C19E,0.0004930984879504845,1,1,0.76,39,0,0
ACC-4693C5B9D7,0.000611087554493054,1,0,0.92,2045,0,1
ACC-26299DBBE2,0.00019154940324857343,0,1,0.81,2460,0,0
ACC-2EBE36A54F,0.0003544695273978854,1,1,0.84,28,1,0
ACC-25D1BD6EBF,0.0004930984879504845,1,1,0.44,112,0,0
ACC-FE2A6C5D9B,0.000611087554493054,1,0,0.78,385,0,1
ACC-987D5186FF,0.00019154940324857343,0,1,0.78,2224,0,0
ACC-300DDAC0CF,0.0003544695273978854,1,1,0.7,111,1,0
ACC-3595B8C0A4,0.0004930984879504845,1,1,0.39,88,0,0
ACC-1F0CC585F0,0.000611087554493054,1,1,0.73,28,1,0
ACC-06BEEA1409,0.0007115469921099797,1,0,0.88,1108,0,1
ACC-D83259208A,0.00019154940324857343,0,1,0.87,1041,0,0
ACC-9129FF7B8A,0.0003544695273978854,1,1,0.75,6,1,0
ACC-BE0EF10141,0.0004930984879504845,1,1,0.53,15,1,0
ACC-758ECF5444,0.000611087554493054,1,0,0.9,2706,0,1
ACC-85AC05E5A5,0.00019154940324857343,0,1,0.85,999,0,0
ACC-EE59A3BB58,0.0003544695273978854,1,1,0.8,101,0,0
ACC-3B4123FD12,0.0004930984879504845,1,1,0.58,99,0,0
ACC-B6050BD8C9,0.000611087554493054,1,1,0.87,89,0,0
ACC-046395E760,0.0007115469921099797,1,1,0.51,31,0,0
ACC-2DE14B1952,0.0007970874690243543,1,0,0.96,409,0,1
ACC-4A47316C8C,0.00019154940324857343,0,1,0.96,1005,0,0
ACC-D39F59EED1,0.0003544695273978854,1,1,0.54,99,1,0
ACC-C6264B760F,0.0004930984879504845,1,1,0.67,33,0,0
ACC-0303ED6085,0.000611087554493054,1,1,0.24,32,1,0
ACC-E88C697A17,0.0007115469921099797,1,0,0.87,317,0,1
ACC-D8699EEE1D,0.00019154940324857343,0,1,0.92,2251,0,0
ACC-24E457CF25,0.0003544695273978854,1,1,0.3,76,1,0
ACC-E9D52CDFA4,0.0004930984879504845,1,1,0.83,12,0,0
ACC-960ED5904D,0.000611087554493054,1,1,0.94,94,0,0
ACC-26A6B0A4B8,0.0007115469921099797,1,0,0.83,1142,0,1
ACC-657609C08F,0.00019154940324857343,0,1,0.76,92,0,0
ACC-BC343FB697,0.0003544695273978854,1,1,0.44,26,1,0
ACC-F0ECE810B5,0.0004930984879504845,1,1,0.7,27,0,0
ACC-E1479DF3DE,0.000611087554493054,1,1,0.5,21,1,0
ACC-83EF39CC02,0.0007115469921099796,1,0,0.83,1705,0,1
ACC-62C9B30B52,0.00019154940324857343,0,1,0.75,1844,0,0
ACC-CD3AFB9125,0.0003544695273978854,1,1,0.36,99,1,0
ACC-5C830854EF,0.0004930984879504845,1,1,0.38,17,0,0
ACC-35D6019B89,0.000611087554493054,1,1,0.24,105,1,0
ACC-AA81F87216,0.0007115469921099796,1,1,0.39,70,0,0
ACC-086435917A,0.0007970874690243542,1,1,0.24,106,0,0
ACC-22AED06942,0.0008708035142916664,1,0,0.83,1816,0,1
ACC-935C26412C,0.00019154940324857343,0,1,0.93,52,0,0
ACC-75C01AAC37,0.0003544695273978854,1,1,0.27,75,1,0
ACC-2FFE07377E,0.0004930984879504845,1,1,0.78,78,0,0
ACC-AE5FF97E57,0.000611087554493054,1,0,0.75,1201,0,1
ACC-1AEAF48BA6,0.00019154940324857343,0,1,0.94,2058,0,0
ACC-C2A1BDB91F,0.0003544695273978854,1,1,0.2,77,1,0
ACC-DE3FDDE416,0.0004930984879504844,1,1,0.52,68,0,0
ACC-6AD92F06E8,0.000611087554493054,1,1,0.49,85,0,0
ACC-A1AEAFCB32,0.0007115469921099796,1,1,0.37,7,0,0
ACC-CA1AF93483,0.0007970874690243543,1,0,0.76,3511,0,1
ACC-38125A3F0C,0.00019154940324857343,0,1,0.78,2172,0,0
ACC-384723F476,0.0003544695273978854,1,1,0.5,67,0,0
ACC-3071E1C11F,0.0004930984879504845,1,1,0.7,19,1,0
ACC-F5EAFDC916,0.000611087554493054,1,1,0.81,113,1,0
ACC-8C60C1E411,0.0007115469921099797,1,1,0.86,60,1,0
ACC-A1370249D2,0.0007970874690243543,1,0,0.92,1656,0,1
ACC-6F92D1001C,0.00019154940324857343,0,1,0.94,1265,0,0
ACC-126CBCA60C,0.0003544695273978854,1,1,0.78,3,0,0
ACC-FE2937418F,0.0004930984879504845,1,1,0.69,18,0,0
ACC-118C0D29ED,0.000611087554493054,1,1,0.98,28,0,0
ACC-C6054305DD,0.0007115469921099797,1,1,0.85,51,0,0
ACC-9E293F3B19,0.0007970874690243543,1,0,0.88,2234,0,1
ACC-9934B3DD8C,0.00019154940324857343,0,1,0.96,929,0,0
ACC-70F24BA2B6,0.0003544695273978854,1,1,0.99,64,1,0
ACC-30C85A9472,0.0004930984879504845,1,1,0.67,4,1,0
ACC-4BBA8FBD07,0.000611087554493054,1,0,0.8,2824,0,1
ACC-C2CD509572,0.00019154940324857343,0,1,0.82,2548,0,0
ACC-8A1A176B9B,0.0003544695273978854,1,1,0.71,16,0,0
ACC-7120EF0D46,0.0004930984879504845,1,1,0.67,108,0,0
ACC-50A2E3B589,0.000611087554493054,1,1,0.56,10,1,0
ACC-E950442F75,0.0007115469921099796,1,1,0.3,94,0,0
ACC-35F3C2935C,0.0007970874690243543,1,0,0.83,1624,0,1
ACC-E7AF0C472F,0.00019154940324857343,0,1,0.86,795,0,0
ACC-D5729168AD,0.0003544695273978854,1,1,0.51,98,0,0
ACC-D04B175DF6,0.0004930984879504845,1,1,0.48,33,0,0
ACC-07FDEB52BD,0.000611087554493054,1,1,0.81,63,0,0
ACC-1BA73E9187,0.0007115469921099797,1,0,0.94,2276,0,1
ACC-922BDE8E19,0.00019154940324857343,0,1,0.71,564,0,0
ACC-C721EEA9E2,0.0003544695273978854,1,1,0.68,58,1,0
ACC-958B81888C,0.0004930984879504845,1,1,0.77,120,0,0
ACC-4FD91FD674,0.000611087554493054,1,1,0.81,80,0,0
ACC-1D867389D0,0.0007115469921099797,1,0,0.73,3060,0,1
ACC-7714EB2FD4,0.00019154940324857343,0,1,0.93,1210,0,0
ACC-3CEC9F59CD,0.0003544695273978854,1,1,0.35,25,0,0
ACC-FBC6926B78,0.0004930984879504845,1,1,0.53,72,0,0
ACC-636F3CAEC2,0.000611087554493054,1,1,0.71,115,1,0
ACC-A1E963ECA9,0.0007115469921099797,1,1,0.93,85,0,0
ACC-9361056F3B,0.0007970874690243543,1,0,0.97,1416,0,1
ACC-85EC07A476,0.00019154940324857343,0,1,0.83,2776,0,0
ACC-BC5F72CD75,0.0003544695273978854,1,1,0.94,81,1,0
ACC-5BBF3EB02C,0.0004930984879504844,1,1,0.85,19,1,0
ACC-77BA477DBC,0.000611087554493054,1,1,0.32,52,0,0
ACC-E0CC20B46B,0.0007115469921099796,1,1,0.58,107,1,0
ACC-E915AC027C,0.0007970874690243543,1,0,0.85,3419,0,1
ACC-DF9A361BD2,0.00019154940324857343,0,1,0.89,234,0,0
ACC-C8FFDD0436,0.0003544695273978854,1,1,0.82,59,0,0
ACC-EFE0393A45,0.0004930984879504845,1,1,0.38,94,1,0
ACC-AD26E7D261,0.000611087554493054,1,0,0.92,1844,0,1
ACC-79B1233095,0.00019154940324857343,0,1,0.98,3388,0,0
ACC-134522A80B,0.0003544695273978854,1,1,0.52,34,0,0
ACC-E1CAF32842,0.0004930984879504845,1,1,0.96,120,1,0
ACC-9680B2CBA7,0.000611087554493054,1,0,0.9,844,0,1
ACC-E64FD4E399,0.00019154940324857343,0,1,0.84,1306,0,0
ACC-B695F2DF04,0.0003544695273978854,1,1,0.45,70,0,0
ACC-661BABD612,0.0004930984879504845,1,1,0.98,66,1,0
ACC-89F18C5F40,0.000611087554493054,1,1,0.52,107,0,0
ACC-E6599CF806,0.0007115469921099797,1,1,0.87,10,0,0
ACC-5D6F992C68,0.0007970874690243543,1,0,0.87,1724,0,1
ACC-FABBF9DE2B,0.00019154940324857343,0,1,0.77,953,0,0
ACC-2C14D12ADA,0.0003544695273978854,1,1,0.66,44,0,0
ACC-03F9CB1E17,0.0004930984879504845,1,1,0.76,59,0,0
ACC-EB9FD08C95,0.000611087554493054,1,0,0.93,68,0,1
ACC-D0D845DD09,0.00019154940324857343,0,1,1.0,657,0,0
ACC-9CEFDBAEC5,0.0003544695273978854,1,1,0.52,88,1,0
ACC-83BFAF5E39,0.0004930984879504845,1,1,0.98,73,0,0
ACC-568F47FEA9,0.000611087554493054,1,1,0.89,37,0,0
ACC-A46C4417D6,0.0007115469921099797,1,1,0.73,78,0,0
ACC-BBCF3F199C,0.0007970874690243543,1,0,0.85,3017,0,1
ACC-CD3835148D,0.00019154940324857343,0,1,0.73,151,0,0
ACC-CB3DE56B0B,0.0003544695273978854,1,1,0.22,70,0,0
ACC-B9A417D732,0.0004930984879504844,1,1,0.69,60,0,0
ACC-17BD9F4D59,0.000611087554493054,1,1,0.46,108,0,0
ACC-3C46325D40,0.0007115469921099796,1,0,0.89,7,0,1
ACC-895B703946,0.00019154940324857343,0,1,0.91,2542,0,0
ACC-2D6B80D0DF,0.0003544695273978854,1,1,0.88,100,1,0
ACC-C07629BBFD,0.0004930984879504845,1,1,0.44,46,0,0
ACC-A279B0295C,0.000611087554493054,1,0,0.99,801,0,1
ACC-5C2F468B75,0.00019154940324857343,0,1,0.92,2188,0,0
ACC-F25914FA76,0.0003544695273978854,1,1,0.96,22,1,0
ACC-133F9C312B,0.0004930984879504845,1,1,0.65,65,0,0
ACC-C981432FD7,0.000611087554493054,1,1,0.46,109,0,0
ACC-E954A03DA1,0.0007115469921099797,1,1,0.3,40,0,0
ACC-F209A81352,0.0007970874690243543,1,1,0.33,77,1,0
ACC-1F433E7104,0.0008708035142916665,1,0,0.8,1264,0,1
ACC-AD81F68BC6,0.00019154940324857343,0,1,0.84,3353,0,0
ACC-6ED0E6D866,0.0003544695273978854,1,1,0.96,80,1,0
ACC-DEDCD927AC,0.0004930984879504845,1,1,0.62,50,0,0
ACC-809F5F54A0,0.000611087554493054,1,0,0.81,32,0,1
ACC-2791350187,0.00019154940324857343,0,1,0.82,3320,0,0
ACC-9FC585F269,0.0003544695273978854,1,1,0.89,36,1,0
ACC-3FCF666B04,0.0004930984879504845,1,1,0.84,55,1,0
ACC-C9434DD203,0.000611087554493054,1,1,0.99,11,1,0
ACC-4990423AE6,0.0007115469921099797,1,1,0.72,30,1,0
ACC-73B19E5B94,0.0007970874690243543,1,0,0.84,1332,0,1
ACC-BBDE179900,0.00019154940324857343,0,1,0.89,2134,0,0
ACC-CB3A7B88AD,0.0003544695273978854,1,1,0.54,109,0,0
ACC-A3BE4940C8,0.0004930984879504845,1,1,0.88,17,0,0
ACC-C28F52A5C8,0.000611087554493054,1,1,0.77,28,0,0
ACC-7D3528DE9D,0.0007115469921099796,1,1,0.7,19,0,0
ACC-3D522A59C7,0.0007970874690243542,1,1,0.33,34,0,0
ACC-AC82627E19,0.0008708035142916665,1,0,0.75,2729,0,1
ACC-A5CF45FF56,0.00019154940324857343,0,1,0.75,560,0,0
ACC-4C6ACAE70D,0.0003544695273978854,1,1,0.51,86,0,0
ACC-A95614E50D,0.0004930984879504845,1,1,0.72,57,1,0
ACC-3946AA0C99,0.000611087554493054,1,0,0.99,2689,0,1
ACC-3199BB0997,0.00019154940324857343,0,1,0.99,3615,0,0
ACC-47AD7A7E03,0.0003544695273978854,1,1,0.32,71,0,0
ACC-530D2DB388,0.0004930984879504845,1,1,0.64,27,1,0
ACC-0883F2DA86,0.000611087554493054,1,1,0.43,21,0,0
ACC-42CDBF5847,0.0007115469921099797,1,1,0.34,79,0,0
ACC-768828B942,0.0007970874690243543,1,1,0.57,32,0,0
ACC-C908053354,0.0008708035142916664,1,0,0.77,2291,0,1
ACC-74CC15D38C,0.00019154940324857343,0,1,0.75,2249,0,0
ACC-BACCD8B339,0.0003544695273978854,1,1,0.61,114,0,0
ACC-ACEC9FF0EA,0.0004930984879504845,1,1,0.49,48,1,0
ACC-B8F3B7545C,0.000611087554493054,1,0,0.76,3337,0,1
ACC-C7FD32D540,0.00019154940324857343,0,1,0.8,1890,0,0
ACC-9F8FC46D2B,0.0003544695273978854,1,1,0.71,3,1,0
ACC-D20D9C3784,0.0004930984879504845,1,1,0.35,112,0,0
ACC-CD305C863D,0.000611087554493054,1,1,0.69,64,1,0
ACC-D4F98CD811,0.0007115469921099797,1,0,0.82,3555,0,1
ACC-E00F236079,0.00019154940324857343,0,1,0.92,500,0,0
ACC-BED91BE853,0.0003544695273978854,1,1,0.36,57,0,0
ACC-14CA6C1037,0.0004930984879504845,1,1,0.56,2,0,0
ACC-7BEF7FAA77,0.000611087554493054,1,1,0.43,13,0,0
ACC-678F5C7C19,0.0007115469921099796,1,1,0.99,86,1,0
ACC-D05E852A87,0.0007970874690243543,1,1,1.0,109,1,0
ACC-E953A2164A,0.0008708035142916665,1,0,0.88,884,0,1
ACC-7F281E7B1E,0.00019154940324857343,0,1,0.86,1741,0,0
ACC-F860F3AD8F,0.0003544695273978854,1,1,0.91,34,0,0
ACC-D0B0FD37B2,0.0004930984879504845,1,1,0.58,79,0,0
ACC-7DE2BFECE0,0.000611087554493054,1,1,0.89,56,1,0
ACC-A148AE7C8A,0.0007115469921099797,1,1,0.41,44,0,0
ACC-30DDB92A79,0.0007970874690243543,1,0,0.87,1666,0,1
ACC-8DF931DB06,0.00019154940324857343,0,1,0.83,1528,0,0
ACC-C968883E4B,0.0003544695273978854,1,1,0.55,33,1,0
ACC-A18C167D89,0.0004930984879504845,1,1,0.84,27,0,0
ACC-0C5EB19EF1,0.000611087554493054,1,1,0.33,12,0,0
ACC-4A563C5989,0.0007115469921099797,1,0,0.71,611,0,1
ACC-41DF045C2F,0.00019154940324857343,0,1,0.91,225,0,0
ACC-CD2AC789BA,0.0003544695273978854,1,1,0.59,68,1,0
ACC-541429F6A2,0.0004930984879504845,1,1,0.89,45,0,0
ACC-0ED9B57CE5,0.000611087554493054,1,1,0.2,16,1,0
ACC-89806FA88B,0.0007115469921099797,1,1,0.87,119,0,0
ACC-7EFBC92111,0.0007970874690243543,1,0,0.71,2870,0,1
ACC-FFA69A067D,0.00019154940324857343,0,1,0.72,282,0,0
ACC-669B83AAE7,0.0003544695273978854,1,1,0.39,34,0,0
ACC-6802F51CE4,0.0004930984879504845,1,1,0.45,91,1,0
ACC-31A51ED779,0.000611087554493054,1,1,0.94,77,0,0
ACC-AE5FD1E434,0.0007115469921099797,1,1,0.85,57,0,0
ACC-1AF689B9D9,0.0007970874690243543,1,1,0.59,20,0,0
ACC-B744DCB2FA,0.0008708035142916665,1,0,0.92,754,0,1
ACC-093CA3BFA9,0.00019154940324857343,0,1,0.75,2919,0,0
ACC-714616B6AB,0.0003544695273978854,1,1,0.88,116,1,0
ACC-D3D45E568E,0.0004930984879504845,1,1,0.28,103,0,0
ACC-BCCEB00956,0.000611087554493054,1,1,0.61,79,0,0
ACC-0F7A7DA845,0.0007115469921099796,1,1,0.6,94,0,0
ACC-FAC44A8400,0.0007970874690243542,1,1,0.92,70,1,0
ACC-069B3A3BD4,0.0008708035142916665,1,0,0.99,959,0,1
ACC-42DCA3D634,0.00019154940324857343,0,1,0.9,1316,0,0
ACC-63E1199DBD,0.0003544695273978854,1,1,0.95,98,0,0
ACC-F9A876F4D3,0.0004930984879504845,1,1,0.32,72,0,0
ACC-BA20776DC5,0.000611087554493054,1,1,0.38,76,1,0
ACC-ABECAB0216,0.0007115469921099797,1,0,0.75,2635,0,1
ACC-DCF9D1EA86,0.00019154940324857343,0,1,0.75,3273,0,0
ACC-F3DE79610C,0.0003544695273978854,1,1,0.64,49,0,0
ACC-1D21A9C1FA,0.0004930984879504845,1,1,0.65,2,1,0
ACC-EE2901F4AE,0.000611087554493054,1,0,0.86,1132,0,1
ACC-8594364250,0.00019154940324857343,0,1,0.74,3610,0,0
ACC-61B2EC71A8,0.0003544695273978854,1,1,0.22,9,0,0
ACC-3072402B07,0.0004930984879504845,1,1,0.49,93,0,0
ACC-8DF65DFE15,0.000611087554493054,1,1,0.92,61,1,0
ACC-9581C4BC38,0.0007115469921099797,1,1,0.93,43,0,0
ACC-25FAF3BD6F,0.0007970874690243543,1,0,0.96,2668,0,1
ACC-7E21A52D9D,0.00019154940324857343,0,1,0.93,3066,0,0
ACC-5BA5F076B6,0.0003544695273978854,1,1,0.97,70,0,0
ACC-C68E4A9B80,0.0004930984879504844,1,1,0.88,53,1,0
ACC-3607120D65,0.000611087554493054,1,1,0.54,34,0,0
ACC-E55FAB627A,0.0007115469921099796,1,0,0.87,2080,0,1
ACC-41D09169E3,0.00019154940324857343,0,1,0.72,2458,0,0
ACC-076B9E3F13,0.0003544695273978854,1,1,0.26,45,1,0
ACC-DECDE1A345,0.0004930984879504845,1,1,0.28,91,0,0
ACC-0AB1F11C96,0.000611087554493054,1,1,0.44,77,1,0
ACC-91E3DDE51B,0.0007115469921099797,1,1,0.83,49,0,0
ACC-81C0845F87,0.0007970874690243543,1,1,0.33,56,0,0
ACC-2D1483CB34,0.0008708035142916665,1,0,0.93,2344,0,1
ACC-2200B2EA2D,0.00019154940324857343,0,1,0.78,3209,0,0
ACC-81FD3F1515,0.0003544695273978854,1,1,0.24,44,0,0
ACC-348E161DDB,0.0004930984879504845,1,1,0.33,120,1,0
ACC-0ED83F6FA2,0.000611087554493054,1,1,0.76,113,0,0
ACC-4D3BA5F694,0.0007115469921099797,1,1,0.42,11,0,0
ACC-EEBE10F953,0.0007970874690243543,1,1,0.81,8,0,0
ACC-E2DD8D3C63,0.0008708035142916665,1,0,0.75,3587,0,1
ACC-05DBDADE96,0.00019154940324857343,0,1,0.72,2620,0,0
ACC-16DD947E7D,0.0003544695273978854,1,1,0.47,114,0,0
ACC-C4B8BF177A,0.0004930984879504845,1,1,0.49,82,1,0
ACC-E57EC7AEAC,0.000611087554493054,1,0,0.81,1333,0,1
ACC-8BE63AE450,0.00019154940324857343,0,1,0.95,601,0,0
ACC-98911EC451,0.0003544695273978854,1,1,0.82,58,0,0
ACC-60C96D13DC,0.0004930984879504845,1,1,0.39,98,1,0
ACC-EC88A847BE,0.000611087554493054,1,0,0.97,700,0,1
ACC-BCAF3A9CC3,0.00019154940324857343,0,1,0.71,2932,0,0
ACC-BC0A89785E,0.0003544695273978854,1,1,0.46,115,1,0
ACC-DAA8C6196C,0.0004930984879504845,1,1,0.6,57,0,0
ACC-B931CAEC50,0.000611087554493054,1,1,0.41,86,0,0
ACC-729F29A542,0.0007115469921099796,1,0,0.73,1849,0,1
ACC-FA511CA3AF,0.00019154940324857343,0,1,0.94,3016,0,0
ACC-A1324D54E3,0.0003544695273978854,1,1,0.25,89,0,0
ACC-6201A05E31,0.0004930984879504845,1,1,0.4,58,1,0
ACC-0DC7693A32,0.000611087554493054,1,1,0.87,116,0,0
ACC-339926A11F,0.0007115469921099797,1,1,0.6,15,0,0
ACC-3B3A845E76,0.0007970874690243543,1,1,0.65,7,1,0
ACC-6C727BB692,0.0008708035142916665,1,0,0.82,263,0,1
ACC-765B8516B0,0.00019154940324857343,0,1,0.91,3290,0,0
ACC-9FD1A657EC,0.0003544695273978854,1,1,0.43,102,0,0
ACC-E3317CF604,0.0004930984879504844,1,1,0.61,11,1,0
ACC-DA6FF5C42D,0.000611087554493054,1,0,0.71,1300,0,1
ACC-12489997CB,0.00019154940324857343,0,1,0.98,3345,0,0
ACC-B8E5BE253A,0.0003544695273978854,1,1,0.98,56,0,0
ACC-D596C55CFE,0.0004930984879504845,1,1,0.89,48,0,0
ACC-BCF8A556DF,0.000611087554493054,1,1,0.85,52,0,0
ACC-D2116FEBA4,0.0007115469921099797,1,1,0.81,99,0,0
ACC-208D5FB3C2,0.0007970874690243543,1,1,0.33,80,0,0
ACC-A2A739C398,0.0008708035142916665,1,0,0.86,489,0,1
ACC-03E8EB7170,0.00019154940324857343,0,1,0.84,322,0,0
ACC-0D2AADCE45,0.0003544695273978854,1,1,0.9,17,0,0
ACC-5D9DB3339A,0.0004930984879504845,1,1,0.81,71,0,0
ACC-D1CE4D4BE5,0.000611087554493054,1,1,0.98,66,1,0
ACC-EA0D0DC41A,0.0007115469921099797,1,1,0.35,50,1,0
ACC-A1C7590E2E,0.0007970874690243543,1,1,0.55,52,1,0
ACC-D9E64A9527,0.0008708035142916665,1,0,0.92,2901,0,1
ACC-1CBF0798E0,0.00019154940324857343,0,1,0.8,3425,0,0
ACC-50CDA4E57F,0.0003544695273978854,1,1,0.77,64,1,0
ACC-E2859D94D5,0.0004930984879504845,1,1,0.96,53,0,0
ACC-C3237CF270,0.000611087554493054,1,1,0.94,65,0,0
ACC-952A6FE476,0.0007115469921099797,1,0,0.91,753,0,1
ACC-94AED875E6,0.00019154940324857343,0,1,0.72,30,0,0
ACC-A3E76EC7AA,0.0003544695273978854,1,1,0.98,74,0,0
ACC-B0E072169D,0.0004930984879504845,1,1,0.8,55,1,0
ACC-63086A3DF4,0.000611087554493054,1,1,0.57,6,0,0
ACC-A519A34348,0.0007115469921099797,1,1,0.9,84,0,0
ACC-5B8AF7CF9C,0.0007970874690243543,1,0,0.86,3271,0,1
ACC-DB2F9E2024,0.00019154940324857343,0,1,0.95,478,0,0
ACC-4F685E2FD3,0.0003544695273978854,1,1,0.37,69,0,0
ACC-A6B7A8B62B,0.0004930984879504845,1,1,0.52,85,0,0
ACC-96CAA18692,0.000611087554493054,1,0,0.93,1053,0,1
ACC-D83FBAC7BC,0.00019154940324857343,0,1,0.83,164,0,0
ACC-6D15A6762C,0.0003544695273978854,1,1,0.45,39,1,0
ACC-50BE5E789B,0.0004930984879504845,1,1,0.94,58,0,0
ACC-800C921183,0.000611087554493054,1,1,0.65,21,0,0
ACC-E9177BF6B2,0.0007115469921099796,1,0,0.92,2581,0,1
ACC-3460293056,0.00019154940324857343,0,1,0.74,2466,0,0
ACC-FDB826215F,0.0003544695273978854,1,1,0.52,82,0,0
ACC-C3C01B217E,0.0004930984879504845,1,1,0.73,1,1,0
ACC-C5BAD95B87,0.000611087554493054,1,1,0.81,111,0,0
ACC-B91654C16E,0.0007115469921099797,1,1,0.97,24,0,0
ACC-B1994A5730,0.0007970874690243543,1,0,0.91,414,0,1
